{"count":1,"self":55.9024064,"total":58.629037999999994,"children":{"InitializeActuators":{"count":3,"self":0.0015061999999999999,"total":0.0015061999999999999,"children":null},"InitializeSensors":{"count":3,"self":0.0015034,"total":0.0030104,"children":{"CreateObservableSensors":{"count":3,"self":0.0015069999999999999,"total":0.0015069999999999999,"children":null}}},"AgentSendState":{"count":2731,"self":0.0168774,"total":0.1028216,"children":{"CollectObservations":{"count":8193,"self":0.064853899999999992,"total":0.064853899999999992,"children":null},"WriteActionMask":{"count":8193,"self":0.0060479999999999996,"total":0.0060479999999999996,"children":null},"RequestDecision":{"count":8193,"self":0.0150423,"total":0.0150423,"children":null}}},"DecideAction":{"count":2731,"self":2.5827307999999998,"total":2.5827307,"children":null},"AgentAct":{"count":2731,"self":0.0365627,"total":0.0365627,"children":null}},"gauges":{"ResourceAgent.CumulativeReward":{"count":162,"max":158.5932,"min":-500.1512,"runningAverage":-63.5000839,"value":-100.159973,"weightedAverage":-66.53922}},"metadata":{"timer_format_version":"0.1.0","start_time_seconds":"1744696662","unity_version":"6000.0.23f1","command_line_arguments":"C:\\Program Files\\Unity\\Hub\\Editor\\6000.0.23f1\\Editor\\Unity.exe -projectpath C:\\Users\\doom_monsta\\Documents\\Git\\unity-cs-EmergingMedia -useHub -hubIPC -cloudEnvironment production","communication_protocol_version":"1.5.0","com.unity.ml-agents_version":"3.0.0","scene_name":"BlockWorld","end_time_seconds":"1744696720"}}